"Data_ID";"I管理TEST1検知デモ";"I管理TEST3検知デモ";"I管理TEST1/3同時検知デモ";"Note"
1;10.5;10.3;8.6;""
2;9.9;9.6;9.6;""
3;10.6;9.3;9.7;""
4;11.5;10.6;9.2;""
5;9.8;11.0;9.8;""
6;9.8;10.9;10.4;""
7;11.6;9.2;11.9;""
8;10.8;9.7;10.2;""
9;9.5;10.3;10.3;""
10;10.5;11.0;9.9;""
11;13.5;9.5;8.1;"TEST1発生(ID:11)"
12;9.5;9.8;10.0;""
13;10.2;8.9;10.1;""
14;8.1;8.8;12.5;""
15;8.3;10.8;9.8;""
16;9.4;11.4;10.3;""
17;9.0;9.9;10.0;""
18;10.3;11.0;8.8;""
19;9.1;10.4;11.1;""
20;8.6;9.4;10.8;""
21;11.5;9.0;10.8;""
22;9.8;9.4;9.1;""
23;10.1;9.8;11.4;""
24;8.6;10.2;8.6;""
25;9.5;10.6;10.6;""
26;10.1;11.0;12.2;"TEST3発生(ID:21-26)"
27;8.8;10.1;9.0;""
28;10.4;9.7;9.4;""
29;9.4;10.1;10.1;""
30;9.7;8.0;9.5;""
31;9.4;9.8;9.5;""
32;11.9;10.4;10.3;""
33;10.0;11.5;11.0;""
34;8.9;9.5;11.8;""
35;10.8;9.2;12.6;""
36;8.8;9.5;13.8;"TEST1&3同時発生(ID:31-36)"
37;10.2;10.9;9.2;""
38;8.0;10.3;9.7;""
39;8.7;9.5;10.8;""
40;10.2;10.5;8.8;""
41;10.7;10.1;10.2;""
42;10.2;11.0;11.3;""
43;9.9;9.3;8.4;""
44;9.7;9.7;10.2;""
45;8.5;9.6;10.3;""
46;9.3;8.5;10.8;""
47;9.5;10.3;8.8;""
48;11.1;10.3;8.7;""
49;10.3;10.0;10.5;""
50;8.2;9.8;10.3;""